-- =============================================
-- RESTORE 150 REAL BOOKS (MIXED CATEGORIES)
-- =============================================

-- 1. Authors
INSERT IGNORE INTO authors (author_id, author_name) VALUES
(100, 'Society for the Study of Manga Techniques'),
(101, 'William Shakespeare'),
(102, 'Mark Lutz'),
(103, 'John Williams'),
(104, 'Wesley Chun'),
(105, 'Archie Superstars Staff'),
(106, 'Hannah Grace'),
(107, 'Stephen King'),
(108, 'Colleen Hoover'),
(109, 'Donald Knuth'),
(110, 'Siddhartha Mukherjee'),
(111, 'E. Balagurusamy'),
(112, 'Terry Pratchett'),
(113, 'Ἡρόδοτος'),
(114, 'Manga University'),
(115, 'K. N. King'),
(116, 'Raina Telgemeier'),
(117, 'R. Nageswara Rao'),
(118, 'Hayao Miyazaki'),
(119, 'Hikaru Hayashi'),
(120, 'George Brown Tindall'),
(121, 'Chuck Palahniuk'),
(122, 'Jon Bentley'),
(123, 'Wallace Wang'),
(124, 'Bill Bryson'),
(125, 'Naomi Novik'),
(126, 'Winston S. Churchill'),
(127, 'R. R. Palmer'),
(128, 'Douglas V. Hall'),
(129, 'Matt Groening'),
(130, 'Chimamanda Ngozi Adichie'),
(131, 'Kate Atkinson'),
(132, 'Robert Lawrence Stine'),
(133, 'Craig Thompson'),
(134, 'Lisa Jewell'),
(135, 'Lincoln Pierce'),
(136, 'Gail Carriger'),
(137, 'R. F. Kuang'),
(138, 'History'),
(139, 'Harvey M. Deitel'),
(140, 'Sergi Cámara'),
(141, 'Will Eisner'),
(142, 'Nicole Krauss'),
(143, 'Katsuya Yamakami'),
(144, 'Kohta Hirano'),
(145, 'Mark Kurlansky'),
(146, 'Graham Annable'),
(147, 'Imam ghozali, 2018'),
(148, 'Comics'),
(149, 'Shin Takahashi'),
(150, 'Carl Sagan'),
(151, 'Hokusai Katsushika'),
(152, 'Y. Daniel Liang'),
(153, 'Kent Beck'),
(154, 'H. Rider Haggard'),
(155, 'Bertrand Russell'),
(156, 'Ramesh S. Gaonkar'),
(157, 'Katy Coope'),
(158, 'Alison Bechdel'),
(159, 'Erin Hunter'),
(160, 'James Patterson'),
(161, 'Chester Brown'),
(162, 'Paulo Coelho'),
(163, 'Nigel Kelly'),
(164, 'Art Spiegelman'),
(165, 'David Foster Wallace'),
(166, 'Elisabetta Dami'),
(167, 'Junji Itō'),
(168, 'Teodoro A. Agoncillo'),
(169, 'Marilyn Stokstad'),
(170, 'Charles Bukowski'),
(171, 'Blanko Comic'),
(172, 'Dav Pilkey'),
(173, 'Marie Lu'),
(174, 'Daniel Suarez'),
(175, 'Mana Takahashi'),
(176, 'Marie Kondo'),
(177, 'Yuval Noah Harari'),
(178, 'Scott McCloud'),
(179, 'Klaus Janson'),
(180, 'Paul J. Deitel'),
(181, 'Bjarne Stroustrup'),
(182, 'Neil Fiore'),
(183, 'Gregorio F. Zaide'),
(184, 'Tove Jansson'),
(185, 'Donna Tartt'),
(186, 'Ikari Studio'),
(187, 'Peter Frankopan'),
(188, 'NaRae Lee'),
(189, 'E. M. Forster'),
(190, 'Steve Martin'),
(191, 'Frederik L. Schodt'),
(192, 'Arnold J. Toynbee'),
(193, 'Cassandra Jean'),
(194, 'Henry Yoshitaka Kiyama'),
(195, 'Gertrude Chandler Warner'),
(196, 'Paul S. Boyer'),
(197, 'Brent Sudduth'),
(198, 'Go Office'),
(199, 'Haruno Nagatomo'),
(200, 'Suzanne Young'),
(201, 'John Walkenbach'),
(202, 'Kako Itō'),
(203, 'Masashi Kishimoto'),
(204, 'Sally Thorne'),
(205, 'Alexander Pope'),
(206, 'Brian W. Kernighan'),
(207, 'Stephen Hawking'),
(208, 'Lisi Harrison'),
(209, 'Mark Wayne Harris'),
(210, 'Fletcher, Banister Sir'),
(211, 'Will Durant'),
(212, 'Harold Abelson'),
(213, 'D. S. Malik'),
(214, 'Marijn Haverbeke'),
(215, 'Jostein Gaarder'),
(216, 'Jeffrey Eugenides'),
(217, 'Celeste Ng'),
(218, 'Robert Kirkman'),
(219, 'Howard Zinn'),
(220, 'Archie Superstars'),
(221, 'Elena Armas'),
(222, 'William Gibson'),
(223, 'Larry Wall'),
(224, 'Sapphire'),
(225, 'Cartoch Arts'),
(226, 'David Okum');

-- 2. Categories
INSERT IGNORE INTO categories (category_id, category_name, created_at, updated_at, is_deleted) VALUES
(100, 'Manga', NOW(), NOW(), 0),
(101, 'Programming', NOW(), NOW(), 0),
(102, 'Novel', NOW(), NOW(), 0),
(103, 'Comic', NOW(), NOW(), 0),
(104, 'History', NOW(), NOW(), 0);

-- 3. Books
INSERT IGNORE INTO books (id, title, author, isbn, publisher, publication_date, pages, description, cover_image, rating, review_count, shelf_location, deposit_price, created_at, updated_at) VALUES
(100, 'How to Draw Manga', 'Society for the Study of Manga Techniques', 'ISBN-100', 'Unknown', '2023-01-01', 208, 'How to Draw Manga is a highly acclaimed book that provides deep insights and engaging content for its readers.', 'https://covers.openlibrary.org/b/id/1043370-M.jpg', 4.4, 62, 'A1-01', 60000, NOW(), NOW()),
(101, 'Manga Classics', 'William Shakespeare', 'ISBN-101', 'Unknown', '2023-01-01', 360, 'Manga Classics is a highly acclaimed book that provides deep insights and engaging content for its readers.', 'https://covers.openlibrary.org/b/id/13851286-M.jpg', 4.8, 12, 'A1-01', 130000, NOW(), NOW()),
(102, 'Programming Python', 'Mark Lutz', 'ISBN-102', 'Unknown', '2023-01-01', 378, 'Programming Python is a highly acclaimed book that provides deep insights and engaging content for its readers.', 'https://covers.openlibrary.org/b/id/805644-M.jpg', 3.1, 233, 'A1-01', 110000, NOW(), NOW()),
(103, 'Stoner', 'John Williams', 'ISBN-103', 'Unknown', '2023-01-01', 150, 'Stoner is a highly acclaimed book that provides deep insights and engaging content for its readers.', 'https://covers.openlibrary.org/b/id/8310729-M.jpg', 4.7, 82, 'A1-01', 110000, NOW(), NOW()),
(104, 'Learning Python', 'Mark Lutz', 'ISBN-104', 'Unknown', '2023-01-01', 119, 'Learning Python is a highly acclaimed book that provides deep insights and engaging content for its readers.', 'https://covers.openlibrary.org/b/id/1312568-M.jpg', 4.0, 386, 'A1-01', 120000, NOW(), NOW()),
(105, 'Core Python programming', 'Wesley Chun', 'ISBN-105', 'Unknown', '2023-01-01', 495, 'Core Python programming is a highly acclaimed book that provides deep insights and engaging content for its readers.', 'https://covers.openlibrary.org/b/id/7972455-M.jpg', 4.3, 93, 'A1-01', 70000, NOW(), NOW()),
(106, 'The best of Archie comics', 'Archie Superstars Staff', 'ISBN-106', 'Unknown', '2023-01-01', 290, 'The best of Archie comics is a highly acclaimed book that provides deep insights and engaging content for its readers.', 'https://covers.openlibrary.org/b/id/12841432-M.jpg', 3.2, 133, 'A1-01', 90000, NOW(), NOW()),
(107, 'Icebreaker', 'Hannah Grace', 'ISBN-107', 'Unknown', '2023-01-01', 111, 'Icebreaker is a highly acclaimed book that provides deep insights and engaging content for its readers.', 'https://covers.openlibrary.org/b/id/13180728-M.jpg', 3.1, 410, 'A1-01', 90000, NOW(), NOW()),
(108, 'Insomnia', 'Stephen King', 'ISBN-108', 'Unknown', '2023-01-01', 463, 'Insomnia is a highly acclaimed book that provides deep insights and engaging content for its readers.', 'https://covers.openlibrary.org/b/id/7886954-M.jpg', 4.6, 323, 'A1-01', 60000, NOW(), NOW()),
(109, 'Confess', 'Colleen Hoover', 'ISBN-109', 'Unknown', '2023-01-01', 232, 'Confess is a highly acclaimed book that provides deep insights and engaging content for its readers.', 'https://covers.openlibrary.org/b/id/14418402-M.jpg', 4.6, 123, 'A1-01', 90000, NOW(), NOW()),
(110, 'The art of computer programming', 'Donald Knuth', 'ISBN-110', 'Unknown', '2023-01-01', 362, 'The art of computer programming is a highly acclaimed book that provides deep insights and engaging content for its readers.', 'https://covers.openlibrary.org/b/id/136600-M.jpg', 3.3, 391, 'A1-01', 110000, NOW(), NOW()),
(111, 'The Gene', 'Siddhartha Mukherjee', 'ISBN-111', 'Unknown', '2023-01-01', 116, 'The Gene is a highly acclaimed book that provides deep insights and engaging content for its readers.', 'https://covers.openlibrary.org/b/id/11320163-M.jpg', 3.3, 193, 'A1-01', 100000, NOW(), NOW()),
(112, 'Object-oriented Programming with C++', 'E. Balagurusamy', 'ISBN-112', 'Unknown', '2023-01-01', 109, 'Object-oriented Programming with C++ is a highly acclaimed book that provides deep insights and engaging content for its readers.', 'https://covers.openlibrary.org/b/id/10420384-M.jpg', 3.8, 212, 'A1-01', 110000, NOW(), NOW()),
(113, 'Programming with Java', 'E. Balagurusamy', 'ISBN-113', 'Unknown', '2023-01-01', 329, 'Programming with Java is a highly acclaimed book that provides deep insights and engaging content for its readers.', 'https://covers.openlibrary.org/b/id/10487733-M.jpg', 3.8, 138, 'A1-01', 120000, NOW(), NOW()),
(114, 'Small Gods', 'Terry Pratchett', 'ISBN-114', 'Unknown', '2023-01-01', 166, 'Small Gods is a highly acclaimed book that provides deep insights and engaging content for its readers.', 'https://covers.openlibrary.org/b/id/14648232-M.jpg', 4.4, 480, 'A1-01', 90000, NOW(), NOW()),
(115, 'Ἱστορίαι', 'Ἡρόδοτος', 'ISBN-115', 'Unknown', '2023-01-01', 274, 'Ἱστορίαι is a highly acclaimed book that provides deep insights and engaging content for its readers.', 'https://covers.openlibrary.org/b/id/9829028-M.jpg', 4.8, 339, 'A1-01', 110000, NOW(), NOW()),
(116, 'How to Draw Manga', 'Manga University', 'ISBN-116', 'Unknown', '2023-01-01', 377, 'How to Draw Manga is a highly acclaimed book that provides deep insights and engaging content for its readers.', 'https://covers.openlibrary.org/b/id/10833240-M.jpg', 3.8, 133, 'A1-01', 60000, NOW(), NOW()),
(117, 'C programming', 'K. N. King', 'ISBN-117', 'Unknown', '2023-01-01', 288, 'C programming is a highly acclaimed book that provides deep insights and engaging content for its readers.', 'https://covers.openlibrary.org/b/id/252635-M.jpg', 3.2, 465, 'A1-01', 100000, NOW(), NOW()),
(118, 'Drama', 'Raina Telgemeier', 'ISBN-118', 'Unknown', '2023-01-01', 487, 'Drama is a highly acclaimed book that provides deep insights and engaging content for its readers.', 'https://covers.openlibrary.org/b/id/12360868-M.jpg', 3.2, 90, 'A1-01', 60000, NOW(), NOW()),
(119, 'Core Python Programming', 'R. Nageswara Rao', 'ISBN-119', 'Unknown', '2023-01-01', 304, 'Core Python Programming is a highly acclaimed book that provides deep insights and engaging content for its readers.', 'https://covers.openlibrary.org/b/id/13192647-M.jpg', 4.0, 242, 'A1-01', 120000, NOW(), NOW()),
(120, 'Programming in ANSI C', 'E. Balagurusamy', 'ISBN-120', 'Unknown', '2023-01-01', 465, 'Programming in ANSI C is a highly acclaimed book that provides deep insights and engaging content for its readers.', 'https://covers.openlibrary.org/b/id/12597885-M.jpg', 4.0, 484, 'A1-01', 100000, NOW(), NOW()),
(121, 'Howl''s Moving Castle Film Comic vol. 4 (Howl''s Moving Castle Film Comics) (Howl''s Moving Castle Film', 'Hayao Miyazaki', 'ISBN-121', 'Unknown', '2023-01-01', 445, 'Howl''''s Moving Castle Film Comic vol. 4 (Howl''''s Moving Castle Film Comics) (Howl''''s Moving Castle Film is a highly acclaimed book that provides deep insights and engaging content for its readers.', 'https://covers.openlibrary.org/b/id/764852-M.jpg', 3.9, 431, 'A1-01', 120000, NOW(), NOW()),
(122, 'How to Draw Manga', 'Hikaru Hayashi', 'ISBN-122', 'Unknown', '2023-01-01', 448, 'How to Draw Manga is a highly acclaimed book that provides deep insights and engaging content for its readers.', 'https://covers.openlibrary.org/b/id/4965721-M.jpg', 4.6, 24, 'A1-01', 90000, NOW(), NOW()),
(123, 'America', 'George Brown Tindall', 'ISBN-123', 'Unknown', '2023-01-01', 373, 'America is a highly acclaimed book that provides deep insights and engaging content for its readers.', 'https://covers.openlibrary.org/b/id/253170-M.jpg', 3.9, 503, 'A1-01', 110000, NOW(), NOW()),
(124, 'Blaze', 'Stephen King', 'ISBN-124', 'Unknown', '2023-01-01', 426, 'Blaze is a highly acclaimed book that provides deep insights and engaging content for its readers.', 'https://covers.openlibrary.org/b/id/14652676-M.jpg', 4.3, 155, 'A1-01', 110000, NOW(), NOW()),
(125, 'Haunted', 'Chuck Palahniuk', 'ISBN-125', 'Unknown', '2023-01-01', 341, 'Haunted is a highly acclaimed book that provides deep insights and engaging content for its readers.', 'https://covers.openlibrary.org/b/id/9035064-M.jpg', 3.5, 184, 'A1-01', 90000, NOW(), NOW()),
(126, 'Programming Pearls', 'Jon Bentley', 'ISBN-126', 'Unknown', '2023-01-01', 144, 'Programming Pearls is a highly acclaimed book that provides deep insights and engaging content for its readers.', 'https://covers.openlibrary.org/b/id/135673-M.jpg', 3.5, 49, 'A1-01', 100000, NOW(), NOW()),
(127, 'Beginning programming for dummies', 'Wallace Wang', 'ISBN-127', 'Unknown', '2023-01-01', 425, 'Beginning programming for dummies is a highly acclaimed book that provides deep insights and engaging content for its readers.', 'https://covers.openlibrary.org/b/id/520470-M.jpg', 3.7, 196, 'A1-01', 130000, NOW(), NOW()),
(128, 'A short history of nearly everything', 'Bill Bryson', 'ISBN-128', 'Unknown', '2023-01-01', 156, 'A short history of nearly everything is a highly acclaimed book that provides deep insights and engaging content for its readers.', 'https://covers.openlibrary.org/b/id/12725620-M.jpg', 3.3, 478, 'A1-01', 140000, NOW(), NOW()),
(129, 'Uprooted', 'Naomi Novik', 'ISBN-129', 'Unknown', '2023-01-01', 187, 'Uprooted is a highly acclaimed book that provides deep insights and engaging content for its readers.', 'https://covers.openlibrary.org/b/id/8539161-M.jpg', 4.2, 161, 'A1-01', 80000, NOW(), NOW()),
(130, 'A history of the English-speaking peoples', 'Winston S. Churchill', 'ISBN-130', 'Unknown', '2023-01-01', 218, 'A history of the English-speaking peoples is a highly acclaimed book that provides deep insights and engaging content for its readers.', 'https://covers.openlibrary.org/b/id/6602132-M.jpg', 4.7, 15, 'A1-01', 60000, NOW(), NOW()),
(131, 'A history of the modern world', 'R. R. Palmer', 'ISBN-131', 'Unknown', '2023-01-01', 153, 'A history of the modern world is a highly acclaimed book that provides deep insights and engaging content for its readers.', 'https://covers.openlibrary.org/b/id/6286058-M.jpg', 4.8, 176, 'A1-01', 70000, NOW(), NOW()),
(132, 'Microprocessors and interfacing', 'Douglas V. Hall', 'ISBN-132', 'Unknown', '2023-01-01', 184, 'Microprocessors and interfacing is a highly acclaimed book that provides deep insights and engaging content for its readers.', 'https://covers.openlibrary.org/b/id/9089229-M.jpg', 4.6, 23, 'A1-01', 140000, NOW(), NOW()),
(133, 'Simpsons comics Strike Back', 'Matt Groening', 'ISBN-133', 'Unknown', '2023-01-01', 336, 'Simpsons comics Strike Back is a highly acclaimed book that provides deep insights and engaging content for its readers.', 'https://covers.openlibrary.org/b/id/41706-M.jpg', 3.0, 307, 'A1-01', 90000, NOW(), NOW()),
(134, 'Purple Hibiscus', 'Chimamanda Ngozi Adichie', 'ISBN-134', 'Unknown', '2023-01-01', 196, 'Purple Hibiscus is a highly acclaimed book that provides deep insights and engaging content for its readers.', 'https://covers.openlibrary.org/b/id/12063933-M.jpg', 4.8, 267, 'A1-01', 130000, NOW(), NOW()),
(135, 'Case Histories', 'Kate Atkinson', 'ISBN-135', 'Unknown', '2023-01-01', 401, 'Case Histories is a highly acclaimed book that provides deep insights and engaging content for its readers.', 'https://covers.openlibrary.org/b/id/6606671-M.jpg', 3.7, 207, 'A1-01', 70000, NOW(), NOW()),
(136, 'Archie comics spectacular', 'Archie Superstars Staff', 'ISBN-136', 'Unknown', '2023-01-01', 266, 'Archie comics spectacular is a highly acclaimed book that provides deep insights and engaging content for its readers.', 'https://covers.openlibrary.org/b/id/12488811-M.jpg', 4.4, 502, 'A1-01', 80000, NOW(), NOW()),
(137, 'Give Yourself Goosebumps - Little Comic Shop of Horrors', 'Robert Lawrence Stine', 'ISBN-137', 'Unknown', '2023-01-01', 115, 'Give Yourself Goosebumps - Little Comic Shop of Horrors is a highly acclaimed book that provides deep insights and engaging content for its readers.', 'https://covers.openlibrary.org/b/id/385815-M.jpg', 4.9, 51, 'A1-01', 80000, NOW(), NOW()),
(138, 'Blankets', 'Craig Thompson', 'ISBN-138', 'Unknown', '2023-01-01', 304, 'Blankets is a highly acclaimed book that provides deep insights and engaging content for its readers.', 'https://covers.openlibrary.org/b/id/940324-M.jpg', 4.7, 406, 'A1-01', 110000, NOW(), NOW()),
(139, 'Then She Was Gone', 'Lisa Jewell', 'ISBN-139', 'Unknown', '2023-01-01', 436, 'Then She Was Gone is a highly acclaimed book that provides deep insights and engaging content for its readers.', 'https://covers.openlibrary.org/b/id/10139078-M.jpg', 4.5, 404, 'A1-01', 140000, NOW(), NOW()),
(140, 'Big Nate and friends', 'Lincoln Pierce', 'ISBN-140', 'Unknown', '2023-01-01', 203, 'Big Nate and friends is a highly acclaimed book that provides deep insights and engaging content for its readers.', 'https://covers.openlibrary.org/b/id/7876998-M.jpg', 4.1, 215, 'A1-01', 60000, NOW(), NOW()),
(141, 'Soulless', 'Gail Carriger', 'ISBN-141', 'Unknown', '2023-01-01', 148, 'Soulless is a highly acclaimed book that provides deep insights and engaging content for its readers.', 'https://covers.openlibrary.org/b/id/6294570-M.jpg', 3.9, 452, 'A1-01', 100000, NOW(), NOW()),
(142, 'Babel', 'R. F. Kuang', 'ISBN-142', 'Unknown', '2023-01-01', 337, 'Babel is a highly acclaimed book that provides deep insights and engaging content for its readers.', 'https://covers.openlibrary.org/b/id/12468631-M.jpg', 4.7, 214, 'A1-01', 100000, NOW(), NOW()),
(143, 'Historical Atlas of the World', 'History', 'ISBN-143', 'Unknown', '2023-01-01', 139, 'Historical Atlas of the World is a highly acclaimed book that provides deep insights and engaging content for its readers.', 'https://covers.openlibrary.org/b/id/4617698-M.jpg', 4.6, 448, 'A1-01', 140000, NOW(), NOW()),
(144, 'C how to program', 'Harvey M. Deitel', 'ISBN-144', 'Unknown', '2023-01-01', 129, 'C how to program is a highly acclaimed book that provides deep insights and engaging content for its readers.', 'https://covers.openlibrary.org/b/id/14520000-M.jpg', 4.1, 335, 'A1-01', 130000, NOW(), NOW()),
(145, 'Maskerade', 'Terry Pratchett', 'ISBN-145', 'Unknown', '2023-01-01', 256, 'Maskerade is a highly acclaimed book that provides deep insights and engaging content for its readers.', 'https://covers.openlibrary.org/b/id/14646574-M.jpg', 4.5, 144, 'A1-01', 60000, NOW(), NOW()),
(146, 'Art of drawing manga', 'Sergi Cámara', 'ISBN-146', 'Unknown', '2023-01-01', 430, 'Art of drawing manga is a highly acclaimed book that provides deep insights and engaging content for its readers.', 'https://covers.openlibrary.org/b/id/752497-M.jpg', 3.5, 483, 'A1-01', 80000, NOW(), NOW()),
(147, 'Comics & sequential art', 'Will Eisner', 'ISBN-147', 'Unknown', '2023-01-01', 309, 'Comics & sequential art is a highly acclaimed book that provides deep insights and engaging content for its readers.', 'https://covers.openlibrary.org/b/id/4152446-M.jpg', 3.4, 37, 'A1-01', 70000, NOW(), NOW()),
(148, 'The History of Love', 'Nicole Krauss', 'ISBN-148', 'Unknown', '2023-01-01', 264, 'The History of Love is a highly acclaimed book that provides deep insights and engaging content for its readers.', 'https://covers.openlibrary.org/b/id/251178-M.jpg', 3.5, 30, 'A1-01', 110000, NOW(), NOW()),
(149, 'How to Draw Manga', 'Katsuya Yamakami', 'ISBN-149', 'Unknown', '2023-01-01', 304, 'How to Draw Manga is a highly acclaimed book that provides deep insights and engaging content for its readers.', 'https://covers.openlibrary.org/b/id/1043387-M.jpg', 4.9, 30, 'A1-01', 100000, NOW(), NOW()),
(150, 'Hellsing', 'Kohta Hirano', 'ISBN-150', 'Unknown', '2023-01-01', 246, 'Hellsing is a highly acclaimed book that provides deep insights and engaging content for its readers.', 'https://covers.openlibrary.org/b/id/869389-M.jpg', 4.8, 284, 'A1-01', 100000, NOW(), NOW()),
(151, 'Salt', 'Mark Kurlansky', 'ISBN-151', 'Unknown', '2023-01-01', 397, 'Salt is a highly acclaimed book that provides deep insights and engaging content for its readers.', 'https://covers.openlibrary.org/b/id/6873606-M.jpg', 3.8, 285, 'A1-01', 100000, NOW(), NOW()),
(152, 'Comic crazy!', 'Graham Annable', 'ISBN-152', 'Unknown', '2023-01-01', 148, 'Comic crazy! is a highly acclaimed book that provides deep insights and engaging content for its readers.', 'https://covers.openlibrary.org/b/id/13812877-M.jpg', 3.8, 305, 'A1-01', 50000, NOW(), NOW()),
(153, 'Aplikasi Analisis Multivariate Dengan Program IBM SPSS 25 (9th ed)', 'Imam ghozali, 2018', 'ISBN-153', 'Unknown', '2023-01-01', 356, 'Aplikasi Analisis Multivariate Dengan Program IBM SPSS 25 (9th ed) is a highly acclaimed book that provides deep insights and engaging content for its readers.', 'https://covers.openlibrary.org/b/id/14911282-M.jpg', 3.4, 91, 'A1-01', 120000, NOW(), NOW()),
(154, 'Blank Comic Book-Comic Sketch Book', 'Comics', 'ISBN-154', 'Unknown', '2023-01-01', 126, 'Blank Comic Book-Comic Sketch Book is a highly acclaimed book that provides deep insights and engaging content for its readers.', 'https://covers.openlibrary.org/b/id/13187802-M.jpg', 4.8, 460, 'A1-01', 110000, NOW(), NOW()),
(155, 'The Manga Guide to Statistics', 'Shin Takahashi', 'ISBN-155', 'Unknown', '2023-01-01', 485, 'The Manga Guide to Statistics is a highly acclaimed book that provides deep insights and engaging content for its readers.', 'https://covers.openlibrary.org/b/id/9268829-M.jpg', 4.3, 210, 'A1-01', 90000, NOW(), NOW()),
(156, 'Contact', 'Carl Sagan', 'ISBN-156', 'Unknown', '2023-01-01', 332, 'Contact is a highly acclaimed book that provides deep insights and engaging content for its readers.', 'https://covers.openlibrary.org/b/id/4143957-M.jpg', 3.2, 331, 'A1-01', 110000, NOW(), NOW()),
(157, 'Hokusai manga', 'Hokusai Katsushika', 'ISBN-157', 'Unknown', '2023-01-01', 219, 'Hokusai manga is a highly acclaimed book that provides deep insights and engaging content for its readers.', 'https://covers.openlibrary.org/b/id/11880910-M.jpg', 4.2, 120, 'A1-01', 110000, NOW(), NOW()),
(158, 'Introduction to Java Programming', 'Y. Daniel Liang', 'ISBN-158', 'Unknown', '2023-01-01', 491, 'Introduction to Java Programming is a highly acclaimed book that provides deep insights and engaging content for its readers.', 'https://covers.openlibrary.org/b/id/85920-M.jpg', 4.2, 239, 'A1-01', 60000, NOW(), NOW()),
(159, 'Extreme programming explained', 'Kent Beck', 'ISBN-159', 'Unknown', '2023-01-01', 406, 'Extreme programming explained is a highly acclaimed book that provides deep insights and engaging content for its readers.', 'https://covers.openlibrary.org/b/id/5394766-M.jpg', 3.5, 420, 'A1-01', 100000, NOW(), NOW()),
(160, 'She', 'H. Rider Haggard', 'ISBN-160', 'Unknown', '2023-01-01', 394, 'She is a highly acclaimed book that provides deep insights and engaging content for its readers.', 'https://covers.openlibrary.org/b/id/295537-M.jpg', 3.6, 155, 'A1-01', 120000, NOW(), NOW()),
(161, 'A History of Western Philosophy', 'Bertrand Russell', 'ISBN-161', 'Unknown', '2023-01-01', 380, 'A History of Western Philosophy is a highly acclaimed book that provides deep insights and engaging content for its readers.', 'https://covers.openlibrary.org/b/id/405359-M.jpg', 4.7, 381, 'A1-01', 90000, NOW(), NOW()),
(162, 'Microprocessor Architecture, Programming, and Applications with the 8085', 'Ramesh S. Gaonkar', 'ISBN-162', 'Unknown', '2023-01-01', 262, 'Microprocessor Architecture, Programming, and Applications with the 8085 is a highly acclaimed book that provides deep insights and engaging content for its readers.', 'https://covers.openlibrary.org/b/id/3807360-M.jpg', 4.1, 425, 'A1-01', 90000, NOW(), NOW()),
(163, 'How to draw more Manga', 'Katy Coope', 'ISBN-163', 'Unknown', '2023-01-01', 312, 'How to draw more Manga is a highly acclaimed book that provides deep insights and engaging content for its readers.', 'https://covers.openlibrary.org/b/id/6806543-M.jpg', 3.4, 144, 'A1-01', 130000, NOW(), NOW()),
(164, 'Are you my mother?', 'Alison Bechdel', 'ISBN-164', 'Unknown', '2023-01-01', 214, 'Are you my mother? is a highly acclaimed book that provides deep insights and engaging content for its readers.', 'https://covers.openlibrary.org/b/id/7246401-M.jpg', 3.7, 204, 'A1-01', 130000, NOW(), NOW()),
(165, 'Warrior''s Refuge', 'Erin Hunter', 'ISBN-165', 'Unknown', '2023-01-01', 155, 'Warrior''''s Refuge is a highly acclaimed book that provides deep insights and engaging content for its readers.', 'https://covers.openlibrary.org/b/id/7026569-M.jpg', 4.7, 53, 'A1-01', 120000, NOW(), NOW()),
(166, 'Witch & wizard', 'James Patterson', 'ISBN-166', 'Unknown', '2023-01-01', 472, 'Witch & wizard is a highly acclaimed book that provides deep insights and engaging content for its readers.', 'https://covers.openlibrary.org/b/id/6424662-M.jpg', 3.5, 271, 'A1-01', 80000, NOW(), NOW()),
(167, 'Louis Riel', 'Chester Brown', 'ISBN-167', 'Unknown', '2023-01-01', 211, 'Louis Riel is a highly acclaimed book that provides deep insights and engaging content for its readers.', 'https://covers.openlibrary.org/b/id/943967-M.jpg', 3.5, 145, 'A1-01', 70000, NOW(), NOW()),
(168, 'Eleven Minutes', 'Paulo Coelho', 'ISBN-168', 'Unknown', '2023-01-01', 389, 'Eleven Minutes is a highly acclaimed book that provides deep insights and engaging content for its readers.', 'https://covers.openlibrary.org/b/id/31228-M.jpg', 4.0, 467, 'A1-01', 50000, NOW(), NOW()),
(169, 'The History and Culture of Pakistan', 'Nigel Kelly', 'ISBN-169', 'Unknown', '2023-01-01', 355, 'The History and Culture of Pakistan is a highly acclaimed book that provides deep insights and engaging content for its readers.', 'https://covers.openlibrary.org/b/id/6974595-M.jpg', 3.7, 66, 'A1-01', 50000, NOW(), NOW()),
(170, 'Maus I', 'Art Spiegelman', 'ISBN-170', 'Unknown', '2023-01-01', 399, 'Maus I is a highly acclaimed book that provides deep insights and engaging content for its readers.', 'https://covers.openlibrary.org/b/id/10210168-M.jpg', 3.9, 104, 'A1-01', 80000, NOW(), NOW()),
(171, 'Infinite Jest', 'David Foster Wallace', 'ISBN-171', 'Unknown', '2023-01-01', 349, 'Infinite Jest is a highly acclaimed book that provides deep insights and engaging content for its readers.', 'https://covers.openlibrary.org/b/id/8237639-M.jpg', 4.2, 313, 'A1-01', 100000, NOW(), NOW()),
(172, 'Aspettando L''Onda Gigante', 'Elisabetta Dami', 'ISBN-172', 'Unknown', '2023-01-01', 116, 'Aspettando L''''Onda Gigante is a highly acclaimed book that provides deep insights and engaging content for its readers.', 'https://covers.openlibrary.org/b/id/7250492-M.jpg', 3.0, 160, 'A1-01', 70000, NOW(), NOW()),
(173, 'Shiver', 'Junji Itō', 'ISBN-173', 'Unknown', '2023-01-01', 107, 'Shiver is a highly acclaimed book that provides deep insights and engaging content for its readers.', 'https://covers.openlibrary.org/b/id/10509676-M.jpg', 3.9, 169, 'A1-01', 50000, NOW(), NOW()),
(174, 'History of the Filipino People', 'Teodoro A. Agoncillo', 'ISBN-174', 'Unknown', '2023-01-01', 434, 'History of the Filipino People is a highly acclaimed book that provides deep insights and engaging content for its readers.', 'https://covers.openlibrary.org/b/id/6682021-M.jpg', 4.5, 455, 'A1-01', 70000, NOW(), NOW()),
(175, 'Art history', 'Marilyn Stokstad', 'ISBN-175', 'Unknown', '2023-01-01', 185, 'Art history is a highly acclaimed book that provides deep insights and engaging content for its readers.', 'https://covers.openlibrary.org/b/id/596109-M.jpg', 3.0, 352, 'A1-01', 110000, NOW(), NOW()),
(176, 'Post office', 'Charles Bukowski', 'ISBN-176', 'Unknown', '2023-01-01', 272, 'Post office is a highly acclaimed book that provides deep insights and engaging content for its readers.', 'https://covers.openlibrary.org/b/id/670128-M.jpg', 4.5, 215, 'A1-01', 100000, NOW(), NOW()),
(177, 'Blanko Comic', 'Blanko Comic', 'ISBN-177', 'Unknown', '2023-01-01', 241, 'Blanko Comic is a highly acclaimed book that provides deep insights and engaging content for its readers.', 'https://covers.openlibrary.org/b/id/13187794-M.jpg', 4.5, 62, 'A1-01', 140000, NOW(), NOW()),
(178, 'Cat Kid Comic Club #2', 'Dav Pilkey', 'ISBN-178', 'Unknown', '2023-01-01', 180, 'Cat Kid Comic Club #2 is a highly acclaimed book that provides deep insights and engaging content for its readers.', 'https://covers.openlibrary.org/b/id/12377735-M.jpg', 4.2, 501, 'A1-01', 130000, NOW(), NOW()),
(179, 'Big Nate Out Loud', 'Lincoln Pierce', 'ISBN-179', 'Unknown', '2023-01-01', 420, 'Big Nate Out Loud is a highly acclaimed book that provides deep insights and engaging content for its readers.', 'https://covers.openlibrary.org/b/id/7966559-M.jpg', 3.6, 366, 'A1-01', 80000, NOW(), NOW()),
(180, 'Prodigy', 'Marie Lu', 'ISBN-180', 'Unknown', '2023-01-01', 460, 'Prodigy is a highly acclaimed book that provides deep insights and engaging content for its readers.', 'https://covers.openlibrary.org/b/id/9257778-M.jpg', 4.8, 128, 'A1-01', 90000, NOW(), NOW()),
(181, 'Ugly Love', 'Colleen Hoover', 'ISBN-181', 'Unknown', '2023-01-01', 342, 'Ugly Love is a highly acclaimed book that provides deep insights and engaging content for its readers.', 'https://covers.openlibrary.org/b/id/12856728-M.jpg', 3.2, 356, 'A1-01', 60000, NOW(), NOW()),
(182, 'Daemon', 'Daniel Suarez', 'ISBN-182', 'Unknown', '2023-01-01', 261, 'Daemon is a highly acclaimed book that provides deep insights and engaging content for its readers.', 'https://covers.openlibrary.org/b/id/6404884-M.jpg', 3.1, 129, 'A1-01', 70000, NOW(), NOW()),
(183, 'The Manga Guide to Databases', 'Mana Takahashi', 'ISBN-183', 'Unknown', '2023-01-01', 286, 'The Manga Guide to Databases is a highly acclaimed book that provides deep insights and engaging content for its readers.', 'https://covers.openlibrary.org/b/id/9263847-M.jpg', 4.3, 10, 'A1-01', 60000, NOW(), NOW()),
(184, 'The Life-Changing Magic of Tidying Up', 'Marie Kondo', 'ISBN-184', 'Unknown', '2023-01-01', 265, 'The Life-Changing Magic of Tidying Up is a highly acclaimed book that provides deep insights and engaging content for its readers.', 'https://covers.openlibrary.org/b/id/7367218-M.jpg', 4.5, 442, 'A1-01', 50000, NOW(), NOW()),
(185, 'Sapiens', 'Yuval Noah Harari', 'ISBN-185', 'Unknown', '2023-01-01', 422, 'Sapiens is a highly acclaimed book that provides deep insights and engaging content for its readers.', 'https://covers.openlibrary.org/b/id/8634250-M.jpg', 3.7, 190, 'A1-01', 130000, NOW(), NOW()),
(186, 'Understanding Comics', 'Scott McCloud', 'ISBN-186', 'Unknown', '2023-01-01', 257, 'Understanding Comics is a highly acclaimed book that provides deep insights and engaging content for its readers.', 'https://covers.openlibrary.org/b/id/10679940-M.jpg', 4.9, 303, 'A1-01', 110000, NOW(), NOW()),
(187, 'Dc Comics Guide to Pencilling Comics', 'Klaus Janson', 'ISBN-187', 'Unknown', '2023-01-01', 301, 'Dc Comics Guide to Pencilling Comics is a highly acclaimed book that provides deep insights and engaging content for its readers.', 'https://covers.openlibrary.org/b/id/4639404-M.jpg', 4.0, 149, 'A1-01', 140000, NOW(), NOW()),
(188, 'C++', 'Paul J. Deitel', 'ISBN-188', 'Unknown', '2023-01-01', 301, 'C++ is a highly acclaimed book that provides deep insights and engaging content for its readers.', 'https://covers.openlibrary.org/b/id/15111450-M.jpg', 4.5, 12, 'A1-01', 100000, NOW(), NOW()),
(189, 'The C++ programming language', 'Bjarne Stroustrup', 'ISBN-189', 'Unknown', '2023-01-01', 429, 'The C++ programming language is a highly acclaimed book that provides deep insights and engaging content for its readers.', 'https://covers.openlibrary.org/b/id/136583-M.jpg', 3.4, 303, 'A1-01', 90000, NOW(), NOW()),
(190, 'The now habit', 'Neil Fiore', 'ISBN-190', 'Unknown', '2023-01-01', 472, 'The now habit is a highly acclaimed book that provides deep insights and engaging content for its readers.', 'https://covers.openlibrary.org/b/id/8231849-M.jpg', 3.7, 225, 'A1-01', 130000, NOW(), NOW()),
(191, 'Philippine history and government', 'Gregorio F. Zaide', 'ISBN-191', 'Unknown', '2023-01-01', 226, 'Philippine history and government is a highly acclaimed book that provides deep insights and engaging content for its readers.', 'https://covers.openlibrary.org/b/id/11694529-M.jpg', 4.3, 504, 'A1-01', 50000, NOW(), NOW()),
(192, 'Moomin', 'Tove Jansson', 'ISBN-192', 'Unknown', '2023-01-01', 148, 'Moomin is a highly acclaimed book that provides deep insights and engaging content for its readers.', 'https://covers.openlibrary.org/b/id/943964-M.jpg', 3.5, 282, 'A1-01', 90000, NOW(), NOW()),
(193, 'Making Money', 'Terry Pratchett', 'ISBN-193', 'Unknown', '2023-01-01', 465, 'Making Money is a highly acclaimed book that provides deep insights and engaging content for its readers.', 'https://covers.openlibrary.org/b/id/14645701-M.jpg', 3.2, 364, 'A1-01', 60000, NOW(), NOW()),
(194, 'The Secret History', 'Donna Tartt', 'ISBN-194', 'Unknown', '2023-01-01', 207, 'The Secret History is a highly acclaimed book that provides deep insights and engaging content for its readers.', 'https://covers.openlibrary.org/b/id/744854-M.jpg', 4.8, 500, 'A1-01', 140000, NOW(), NOW()),
(195, 'Erotic Manga', 'Ikari Studio', 'ISBN-195', 'Unknown', '2023-01-01', 101, 'Erotic Manga is a highly acclaimed book that provides deep insights and engaging content for its readers.', 'https://covers.openlibrary.org/b/id/4941855-M.jpg', 3.7, 400, 'A1-01', 120000, NOW(), NOW()),
(196, 'At Home', 'Bill Bryson', 'ISBN-196', 'Unknown', '2023-01-01', 157, 'At Home is a highly acclaimed book that provides deep insights and engaging content for its readers.', 'https://covers.openlibrary.org/b/id/8579619-M.jpg', 3.6, 504, 'A1-01', 80000, NOW(), NOW()),
(197, 'The Silk Roads', 'Peter Frankopan', 'ISBN-197', 'Unknown', '2023-01-01', 284, 'The Silk Roads is a highly acclaimed book that provides deep insights and engaging content for its readers.', 'https://covers.openlibrary.org/b/id/8963642-M.jpg', 5.0, 265, 'A1-01', 90000, NOW(), NOW()),
(198, 'Reinventing Comics', 'Scott McCloud', 'ISBN-198', 'Unknown', '2023-01-01', 395, 'Reinventing Comics is a highly acclaimed book that provides deep insights and engaging content for its readers.', 'https://covers.openlibrary.org/b/id/41821-M.jpg', 3.7, 406, 'A1-01', 60000, NOW(), NOW()),
(199, 'Maximum Ride. The Manga 1', 'NaRae Lee', 'ISBN-199', 'Unknown', '2023-01-01', 481, 'Maximum Ride. The Manga 1 is a highly acclaimed book that provides deep insights and engaging content for its readers.', 'https://covers.openlibrary.org/b/id/7407524-M.jpg', 4.7, 115, 'A1-01', 70000, NOW(), NOW()),
(200, 'Maurice', 'E. M. Forster', 'ISBN-200', 'Unknown', '2023-01-01', 412, 'Maurice is a highly acclaimed book that provides deep insights and engaging content for its readers.', 'https://covers.openlibrary.org/b/id/1364882-M.jpg', 3.7, 430, 'A1-01', 90000, NOW(), NOW()),
(201, 'Born standing up', 'Steve Martin', 'ISBN-201', 'Unknown', '2023-01-01', 494, 'Born standing up is a highly acclaimed book that provides deep insights and engaging content for its readers.', 'https://covers.openlibrary.org/b/id/6820382-M.jpg', 4.2, 402, 'A1-01', 90000, NOW(), NOW()),
(202, 'November 9', 'Colleen Hoover', 'ISBN-202', 'Unknown', '2023-01-01', 458, 'November 9 is a highly acclaimed book that provides deep insights and engaging content for its readers.', 'https://covers.openlibrary.org/b/id/9219001-M.jpg', 3.7, 308, 'A1-01', 100000, NOW(), NOW()),
(203, 'Manga! Manga!', 'Frederik L. Schodt', 'ISBN-203', 'Unknown', '2023-01-01', 435, 'Manga! Manga! is a highly acclaimed book that provides deep insights and engaging content for its readers.', 'https://covers.openlibrary.org/b/id/4787783-M.jpg', 4.7, 306, 'A1-01', 120000, NOW(), NOW()),
(204, 'Maximum Ride, The Manga 3', 'NaRae Lee', 'ISBN-204', 'Unknown', '2023-01-01', 306, 'Maximum Ride, The Manga 3 is a highly acclaimed book that provides deep insights and engaging content for its readers.', 'https://covers.openlibrary.org/b/id/6594075-M.jpg', 4.7, 392, 'A1-01', 70000, NOW(), NOW()),
(205, 'Mort', 'Terry Pratchett', 'ISBN-205', 'Unknown', '2023-01-01', 423, 'Mort is a highly acclaimed book that provides deep insights and engaging content for its readers.', 'https://covers.openlibrary.org/b/id/14648805-M.jpg', 4.3, 503, 'A1-01', 110000, NOW(), NOW()),
(206, 'Manga! Manga!', 'Frederik L. Schodt', 'ISBN-206', 'Unknown', '2023-01-01', 445, 'Manga! Manga! is a highly acclaimed book that provides deep insights and engaging content for its readers.', 'https://covers.openlibrary.org/b/id/4787783-M.jpg', 4.3, 188, 'A1-01', 90000, NOW(), NOW()),
(207, 'A Study of History', 'Arnold J. Toynbee', 'ISBN-207', 'Unknown', '2023-01-01', 316, 'A Study of History is a highly acclaimed book that provides deep insights and engaging content for its readers.', 'https://covers.openlibrary.org/b/id/121255-M.jpg', 3.5, 389, 'A1-01', 90000, NOW(), NOW()),
(208, 'Beautiful creatures', 'Cassandra Jean', 'ISBN-208', 'Unknown', '2023-01-01', 235, 'Beautiful creatures is a highly acclaimed book that provides deep insights and engaging content for its readers.', 'https://covers.openlibrary.org/b/id/9982577-M.jpg', 3.0, 397, 'A1-01', 50000, NOW(), NOW()),
(209, 'The four immigrants manga', 'Henry Yoshitaka Kiyama', 'ISBN-209', 'Unknown', '2023-01-01', 392, 'The four immigrants manga is a highly acclaimed book that provides deep insights and engaging content for its readers.', 'https://covers.openlibrary.org/b/id/926910-M.jpg', 4.8, 341, 'A1-01', 140000, NOW(), NOW()),
(210, 'The Comic Book Mystery', 'Gertrude Chandler Warner', 'ISBN-210', 'Unknown', '2023-01-01', 308, 'The Comic Book Mystery is a highly acclaimed book that provides deep insights and engaging content for its readers.', 'https://covers.openlibrary.org/b/id/1527396-M.jpg', 3.7, 54, 'A1-01', 140000, NOW(), NOW()),
(211, 'The Enduring Vision', 'Paul S. Boyer', 'ISBN-211', 'Unknown', '2023-01-01', 424, 'The Enduring Vision is a highly acclaimed book that provides deep insights and engaging content for its readers.', 'https://covers.openlibrary.org/b/id/8237922-M.jpg', 3.3, 343, 'A1-01', 50000, NOW(), NOW()),
(212, 'Phonics Comics', 'Brent Sudduth', 'ISBN-212', 'Unknown', '2023-01-01', 340, 'Phonics Comics is a highly acclaimed book that provides deep insights and engaging content for its readers.', 'https://covers.openlibrary.org/b/id/1949417-M.jpg', 3.1, 76, 'A1-01', 100000, NOW(), NOW()),
(213, 'How To Draw Manga: Ultimate Manga Lessons Volume 5', 'Go Office', 'ISBN-213', 'Unknown', '2023-01-01', 283, 'How To Draw Manga: Ultimate Manga Lessons Volume 5 is a highly acclaimed book that provides deep insights and engaging content for its readers.', 'https://covers.openlibrary.org/b/id/1043410-M.jpg', 4.2, 357, 'A1-01', 130000, NOW(), NOW()),
(214, 'Draw Your Own Manga', 'Haruno Nagatomo', 'ISBN-214', 'Unknown', '2023-01-01', 323, 'Draw Your Own Manga is a highly acclaimed book that provides deep insights and engaging content for its readers.', 'https://covers.openlibrary.org/b/id/3290456-M.jpg', 4.1, 198, 'A1-01', 110000, NOW(), NOW()),
(215, 'The Program', 'Suzanne Young', 'ISBN-215', 'Unknown', '2023-01-01', 287, 'The Program is a highly acclaimed book that provides deep insights and engaging content for its readers.', 'https://covers.openlibrary.org/b/id/7441541-M.jpg', 4.5, 155, 'A1-01', 60000, NOW(), NOW()),
(216, 'Excel VBA Programming For Dummies', 'John Walkenbach', 'ISBN-216', 'Unknown', '2023-01-01', 304, 'Excel VBA Programming For Dummies is a highly acclaimed book that provides deep insights and engaging content for its readers.', 'https://covers.openlibrary.org/b/id/6428424-M.jpg', 3.2, 53, 'A1-01', 80000, NOW(), NOW()),
(217, 'A Girl in a Million', 'Kako Itō', 'ISBN-217', 'Unknown', '2023-01-01', 156, 'A Girl in a Million is a highly acclaimed book that provides deep insights and engaging content for its readers.', 'https://covers.openlibrary.org/b/id/219035-M.jpg', 3.6, 216, 'A1-01', 70000, NOW(), NOW()),
(218, 'Cat Kid Comic Club', 'Dav Pilkey', 'ISBN-218', 'Unknown', '2023-01-01', 206, 'Cat Kid Comic Club is a highly acclaimed book that provides deep insights and engaging content for its readers.', 'https://covers.openlibrary.org/b/id/14424590-M.jpg', 4.0, 323, 'A1-01', 90000, NOW(), NOW()),
(219, 'Naruto 5', 'Masashi Kishimoto', 'ISBN-219', 'Unknown', '2023-01-01', 105, 'Naruto 5 is a highly acclaimed book that provides deep insights and engaging content for its readers.', 'https://covers.openlibrary.org/b/id/765214-M.jpg', 3.6, 315, 'A1-01', 120000, NOW(), NOW()),
(220, 'The Hating Game', 'Sally Thorne', 'ISBN-220', 'Unknown', '2023-01-01', 274, 'The Hating Game is a highly acclaimed book that provides deep insights and engaging content for its readers.', 'https://covers.openlibrary.org/b/id/9247684-M.jpg', 3.2, 264, 'A1-01', 50000, NOW(), NOW()),
(221, 'The Rape of the Lock', 'Alexander Pope', 'ISBN-221', 'Unknown', '2023-01-01', 171, 'The Rape of the Lock is a highly acclaimed book that provides deep insights and engaging content for its readers.', 'https://covers.openlibrary.org/b/id/8234360-M.jpg', 4.3, 274, 'A1-01', 70000, NOW(), NOW()),
(222, 'The C Programming Language', 'Brian W. Kernighan', 'ISBN-222', 'Unknown', '2023-01-01', 293, 'The C Programming Language is a highly acclaimed book that provides deep insights and engaging content for its readers.', 'https://covers.openlibrary.org/b/id/6684943-M.jpg', 4.8, 123, 'A1-01', 130000, NOW(), NOW()),
(223, 'A Brief History of Time', 'Stephen Hawking', 'ISBN-223', 'Unknown', '2023-01-01', 235, 'A Brief History of Time is a highly acclaimed book that provides deep insights and engaging content for its readers.', 'https://covers.openlibrary.org/b/id/10432365-M.jpg', 3.3, 241, 'A1-01', 120000, NOW(), NOW()),
(224, 'The Clique', 'Lisi Harrison', 'ISBN-224', 'Unknown', '2023-01-01', 476, 'The Clique is a highly acclaimed book that provides deep insights and engaging content for its readers.', 'https://covers.openlibrary.org/b/id/8185933-M.jpg', 5.0, 488, 'A1-01', 60000, NOW(), NOW()),
(225, 'MC COMICS', 'Mark Wayne Harris', 'ISBN-225', 'Unknown', '2023-01-01', 227, 'MC COMICS is a highly acclaimed book that provides deep insights and engaging content for its readers.', 'https://covers.openlibrary.org/b/id/2615724-M.jpg', 4.6, 122, 'A1-01', 140000, NOW(), NOW()),
(226, 'The Lost Warrior', 'Erin Hunter', 'ISBN-226', 'Unknown', '2023-01-01', 203, 'The Lost Warrior is a highly acclaimed book that provides deep insights and engaging content for its readers.', 'https://covers.openlibrary.org/b/id/9395478-M.jpg', 4.5, 62, 'A1-01', 70000, NOW(), NOW()),
(227, 'History of architecture', 'Fletcher, Banister Sir', 'ISBN-227', 'Unknown', '2023-01-01', 271, 'History of architecture is a highly acclaimed book that provides deep insights and engaging content for its readers.', 'https://covers.openlibrary.org/b/id/493320-M.jpg', 4.7, 507, 'A1-01', 70000, NOW(), NOW()),
(228, 'The Lessons of History', 'Will Durant', 'ISBN-228', 'Unknown', '2023-01-01', 342, 'The Lessons of History is a highly acclaimed book that provides deep insights and engaging content for its readers.', 'https://covers.openlibrary.org/b/id/7240225-M.jpg', 4.5, 498, 'A1-01', 80000, NOW(), NOW()),
(229, 'Structure and Interpretation of Computer Programs (SICP)', 'Harold Abelson', 'ISBN-229', 'Unknown', '2023-01-01', 322, 'Structure and Interpretation of Computer Programs (SICP) is a highly acclaimed book that provides deep insights and engaging content for its readers.', 'https://covers.openlibrary.org/b/id/149338-M.jpg', 4.9, 402, 'A1-01', 50000, NOW(), NOW()),
(230, 'C++ Programming', 'D. S. Malik', 'ISBN-230', 'Unknown', '2023-01-01', 162, 'C++ Programming is a highly acclaimed book that provides deep insights and engaging content for its readers.', 'https://covers.openlibrary.org/b/id/762861-M.jpg', 4.7, 105, 'A1-01', 100000, NOW(), NOW()),
(231, 'Eloquent Javascript', 'Marijn Haverbeke', 'ISBN-231', 'Unknown', '2023-01-01', 223, 'Eloquent Javascript is a highly acclaimed book that provides deep insights and engaging content for its readers.', 'https://covers.openlibrary.org/b/id/7082166-M.jpg', 4.7, 37, 'A1-01', 130000, NOW(), NOW()),
(232, 'Sofies verden', 'Jostein Gaarder', 'ISBN-232', 'Unknown', '2023-01-01', 107, 'Sofies verden is a highly acclaimed book that provides deep insights and engaging content for its readers.', 'https://covers.openlibrary.org/b/id/223463-M.jpg', 3.4, 236, 'A1-01', 70000, NOW(), NOW()),
(233, 'The Bachman Books (Long Walk / Rage / Roadwork / Running Man)', 'Stephen King', 'ISBN-233', 'Unknown', '2023-01-01', 465, 'The Bachman Books (Long Walk / Rage / Roadwork / Running Man) is a highly acclaimed book that provides deep insights and engaging content for its readers.', 'https://covers.openlibrary.org/b/id/8565607-M.jpg', 4.0, 228, 'A1-01', 50000, NOW(), NOW()),
(234, 'Middlesex', 'Jeffrey Eugenides', 'ISBN-234', 'Unknown', '2023-01-01', 328, 'Middlesex is a highly acclaimed book that provides deep insights and engaging content for its readers.', 'https://covers.openlibrary.org/b/id/12367196-M.jpg', 4.4, 105, 'A1-01', 130000, NOW(), NOW()),
(235, 'Little Fires Everywhere', 'Celeste Ng', 'ISBN-235', 'Unknown', '2023-01-01', 286, 'Little Fires Everywhere is a highly acclaimed book that provides deep insights and engaging content for its readers.', 'https://covers.openlibrary.org/b/id/8111914-M.jpg', 4.3, 144, 'A1-01', 100000, NOW(), NOW()),
(236, 'Night Watch', 'Terry Pratchett', 'ISBN-236', 'Unknown', '2023-01-01', 431, 'Night Watch is a highly acclaimed book that provides deep insights and engaging content for its readers.', 'https://covers.openlibrary.org/b/id/14649312-M.jpg', 4.1, 184, 'A1-01', 130000, NOW(), NOW()),
(237, 'The Walking Dead, Vol. 1', 'Robert Kirkman', 'ISBN-237', 'Unknown', '2023-01-01', 189, 'The Walking Dead, Vol. 1 is a highly acclaimed book that provides deep insights and engaging content for its readers.', 'https://covers.openlibrary.org/b/id/844763-M.jpg', 4.1, 67, 'A1-01', 130000, NOW(), NOW()),
(238, 'A People''s History of the United States', 'Howard Zinn', 'ISBN-238', 'Unknown', '2023-01-01', 310, 'A People''''s History of the United States is a highly acclaimed book that provides deep insights and engaging content for its readers.', 'https://covers.openlibrary.org/b/id/10592817-M.jpg', 3.4, 196, 'A1-01', 90000, NOW(), NOW()),
(239, 'Archie Comics Spectacular', 'Archie Superstars', 'ISBN-239', 'Unknown', '2023-01-01', 244, 'Archie Comics Spectacular is a highly acclaimed book that provides deep insights and engaging content for its readers.', 'https://covers.openlibrary.org/b/id/8948263-M.jpg', 3.4, 237, 'A1-01', 130000, NOW(), NOW()),
(240, 'C++ how to program', 'Harvey M. Deitel', 'ISBN-240', 'Unknown', '2023-01-01', 288, 'C++ how to program is a highly acclaimed book that provides deep insights and engaging content for its readers.', 'https://covers.openlibrary.org/b/id/15111375-M.jpg', 3.8, 151, 'A1-01', 110000, NOW(), NOW()),
(241, 'The Spanish Love Deception', 'Elena Armas', 'ISBN-241', 'Unknown', '2023-01-01', 165, 'The Spanish Love Deception is a highly acclaimed book that provides deep insights and engaging content for its readers.', 'https://covers.openlibrary.org/b/id/14425253-M.jpg', 4.4, 456, 'A1-01', 70000, NOW(), NOW()),
(242, 'C How to Program', 'Paul J. Deitel', 'ISBN-242', 'Unknown', '2023-01-01', 199, 'C How to Program is a highly acclaimed book that provides deep insights and engaging content for its readers.', 'https://covers.openlibrary.org/b/id/11603839-M.jpg', 5.0, 220, 'A1-01', 130000, NOW(), NOW()),
(243, 'Zero History', 'William Gibson', 'ISBN-243', 'Unknown', '2023-01-01', 486, 'Zero History is a highly acclaimed book that provides deep insights and engaging content for its readers.', 'https://covers.openlibrary.org/b/id/7072428-M.jpg', 3.8, 175, 'A1-01', 120000, NOW(), NOW()),
(244, 'Programming Perl', 'Larry Wall', 'ISBN-244', 'Unknown', '2023-01-01', 487, 'Programming Perl is a highly acclaimed book that provides deep insights and engaging content for its readers.', 'https://covers.openlibrary.org/b/id/715250-M.jpg', 4.2, 312, 'A1-01', 130000, NOW(), NOW()),
(245, 'Push', 'Sapphire', 'ISBN-245', 'Unknown', '2023-01-01', 432, 'Push is a highly acclaimed book that provides deep insights and engaging content for its readers.', 'https://covers.openlibrary.org/b/id/418593-M.jpg', 3.9, 226, 'A1-01', 110000, NOW(), NOW()),
(246, 'Maximum Ride. The Manga, Vol. 4', 'NaRae Lee', 'ISBN-246', 'Unknown', '2023-01-01', 418, 'Maximum Ride. The Manga, Vol. 4 is a highly acclaimed book that provides deep insights and engaging content for its readers.', 'https://covers.openlibrary.org/b/id/8369830-M.jpg', 4.0, 232, 'A1-01', 120000, NOW(), NOW()),
(247, 'Berserk', 'Cartoch Arts', 'ISBN-247', 'Unknown', '2023-01-01', 472, 'Berserk is a highly acclaimed book that provides deep insights and engaging content for its readers.', 'https://via.placeholder.com/150x200?text=No+Cover', 3.6, 189, 'A1-01', 140000, NOW(), NOW()),
(248, 'Manga Madness', 'David Okum', 'ISBN-248', 'Unknown', '2023-01-01', 263, 'Manga Madness is a highly acclaimed book that provides deep insights and engaging content for its readers.', 'https://covers.openlibrary.org/b/id/842928-M.jpg', 4.8, 359, 'A1-01', 80000, NOW(), NOW());

-- 4. Book Authors
INSERT IGNORE INTO book_authors (book_id, author_id) VALUES
(100, 100),
(101, 101),
(102, 102),
(103, 103),
(104, 102),
(105, 104),
(106, 105),
(107, 106),
(108, 107),
(109, 108),
(110, 109),
(111, 110),
(112, 111),
(113, 111),
(114, 112),
(115, 113),
(116, 114),
(117, 115),
(118, 116),
(119, 117),
(120, 111),
(121, 118),
(122, 119),
(123, 120),
(124, 107),
(125, 121),
(126, 122),
(127, 123),
(128, 124),
(129, 125),
(130, 126),
(131, 127),
(132, 128),
(133, 129),
(134, 130),
(135, 131),
(136, 105),
(137, 132),
(138, 133),
(139, 134),
(140, 135),
(141, 136),
(142, 137),
(143, 138),
(144, 139),
(145, 112),
(146, 140),
(147, 141),
(148, 142),
(149, 143),
(150, 144),
(151, 145),
(152, 146),
(153, 147),
(154, 148),
(155, 149),
(156, 150),
(157, 151),
(158, 152),
(159, 153),
(160, 154),
(161, 155),
(162, 156),
(163, 157),
(164, 158),
(165, 159),
(166, 160),
(167, 161),
(168, 162),
(169, 163),
(170, 164),
(171, 165),
(172, 166),
(173, 167),
(174, 168),
(175, 169),
(176, 170),
(177, 171),
(178, 172),
(179, 135),
(180, 173),
(181, 108),
(182, 174),
(183, 175),
(184, 176),
(185, 177),
(186, 178),
(187, 179),
(188, 180),
(189, 181),
(190, 182),
(191, 183),
(192, 184),
(193, 112),
(194, 185),
(195, 186),
(196, 124),
(197, 187),
(198, 178),
(199, 188),
(200, 189),
(201, 190),
(202, 108),
(203, 191),
(204, 188),
(205, 112),
(206, 191),
(207, 192),
(208, 193),
(209, 194),
(210, 195),
(211, 196),
(212, 197),
(213, 198),
(214, 199),
(215, 200),
(216, 201),
(217, 202),
(218, 172),
(219, 203),
(220, 204),
(221, 205),
(222, 206),
(223, 207),
(224, 208),
(225, 209),
(226, 159),
(227, 210),
(228, 211),
(229, 212),
(230, 213),
(231, 214),
(232, 215),
(233, 107),
(234, 216),
(235, 217),
(236, 112),
(237, 218),
(238, 219),
(239, 220),
(240, 139),
(241, 221),
(242, 180),
(243, 222),
(244, 223),
(245, 224),
(246, 188),
(247, 225),
(248, 226);

-- 5. Book Categories
INSERT IGNORE INTO book_categories (book_id, category_id) VALUES
(100, 100),
(101, 100),
(102, 101),
(103, 102),
(104, 101),
(105, 101),
(106, 103),
(107, 102),
(108, 102),
(109, 102),
(110, 101),
(111, 104),
(112, 101),
(113, 101),
(114, 102),
(115, 104),
(116, 100),
(117, 101),
(118, 102),
(119, 101),
(120, 101),
(121, 103),
(122, 100),
(123, 104),
(124, 102),
(125, 102),
(126, 101),
(127, 101),
(128, 104),
(129, 102),
(130, 104),
(131, 104),
(132, 101),
(133, 103),
(134, 102),
(135, 104),
(136, 103),
(137, 103),
(138, 102),
(139, 102),
(140, 103),
(141, 100),
(142, 104),
(143, 104),
(144, 101),
(145, 102),
(146, 100),
(147, 103),
(148, 104),
(149, 100),
(150, 100),
(151, 104),
(152, 103),
(153, 101),
(154, 103),
(155, 100),
(156, 102),
(157, 100),
(158, 101),
(159, 101),
(160, 104),
(161, 104),
(162, 101),
(163, 100),
(164, 103),
(165, 100),
(166, 100),
(167, 103),
(168, 102),
(169, 104),
(170, 104),
(171, 102),
(172, 103),
(173, 103),
(174, 104),
(175, 104),
(176, 102),
(177, 103),
(178, 103),
(179, 103),
(180, 102),
(181, 102),
(182, 102),
(183, 100),
(184, 100),
(185, 104),
(186, 103),
(187, 103),
(188, 101),
(189, 101),
(190, 101),
(191, 104),
(192, 103),
(193, 102),
(194, 104),
(195, 100),
(196, 104),
(197, 104),
(198, 103),
(199, 100),
(200, 102),
(201, 103),
(202, 102),
(203, 103),
(204, 100),
(205, 103),
(206, 100),
(207, 104),
(208, 100),
(209, 100),
(210, 103),
(211, 104),
(212, 103),
(213, 100),
(214, 100),
(215, 101),
(216, 101),
(217, 100),
(218, 103),
(219, 100),
(220, 102),
(221, 103),
(222, 101),
(223, 104),
(224, 100),
(225, 103),
(226, 100),
(227, 104),
(228, 104),
(229, 101),
(230, 101),
(231, 101),
(232, 104),
(233, 102),
(234, 102),
(235, 102),
(236, 102),
(237, 103),
(238, 104),
(239, 103),
(240, 101),
(241, 102),
(242, 101),
(243, 104),
(244, 101),
(245, 102),
(246, 100),
(247, 100),
(248, 100);

-- 6. Copies
INSERT IGNORE INTO book_copies (book_id, barcode, status, condition_note, created_at, updated_at) VALUES
(100, 'BC-1000', 'AVAILABLE', '', NOW(), NOW()),
(100, 'BC-1001', 'AVAILABLE', '', NOW(), NOW()),
(100, 'BC-1002', 'AVAILABLE', '', NOW(), NOW()),
(101, 'BC-1003', 'AVAILABLE', '', NOW(), NOW()),
(101, 'BC-1004', 'AVAILABLE', '', NOW(), NOW()),
(102, 'BC-1005', 'AVAILABLE', '', NOW(), NOW()),
(103, 'BC-1006', 'AVAILABLE', '', NOW(), NOW()),
(104, 'BC-1007', 'AVAILABLE', '', NOW(), NOW()),
(104, 'BC-1008', 'AVAILABLE', '', NOW(), NOW()),
(104, 'BC-1009', 'AVAILABLE', '', NOW(), NOW()),
(105, 'BC-1010', 'AVAILABLE', '', NOW(), NOW()),
(105, 'BC-1011', 'AVAILABLE', '', NOW(), NOW()),
(105, 'BC-1012', 'AVAILABLE', '', NOW(), NOW()),
(106, 'BC-1013', 'AVAILABLE', '', NOW(), NOW()),
(106, 'BC-1014', 'AVAILABLE', '', NOW(), NOW()),
(106, 'BC-1015', 'AVAILABLE', '', NOW(), NOW()),
(106, 'BC-1016', 'AVAILABLE', '', NOW(), NOW()),
(107, 'BC-1017', 'AVAILABLE', '', NOW(), NOW()),
(107, 'BC-1018', 'AVAILABLE', '', NOW(), NOW()),
(108, 'BC-1019', 'AVAILABLE', '', NOW(), NOW()),
(108, 'BC-1020', 'AVAILABLE', '', NOW(), NOW()),
(108, 'BC-1021', 'AVAILABLE', '', NOW(), NOW()),
(109, 'BC-1022', 'AVAILABLE', '', NOW(), NOW()),
(109, 'BC-1023', 'AVAILABLE', '', NOW(), NOW()),
(110, 'BC-1024', 'AVAILABLE', '', NOW(), NOW()),
(110, 'BC-1025', 'AVAILABLE', '', NOW(), NOW()),
(110, 'BC-1026', 'AVAILABLE', '', NOW(), NOW()),
(111, 'BC-1027', 'AVAILABLE', '', NOW(), NOW()),
(112, 'BC-1028', 'AVAILABLE', '', NOW(), NOW()),
(112, 'BC-1029', 'AVAILABLE', '', NOW(), NOW()),
(112, 'BC-1030', 'AVAILABLE', '', NOW(), NOW()),
(112, 'BC-1031', 'AVAILABLE', '', NOW(), NOW()),
(113, 'BC-1032', 'AVAILABLE', '', NOW(), NOW()),
(113, 'BC-1033', 'AVAILABLE', '', NOW(), NOW()),
(114, 'BC-1034', 'AVAILABLE', '', NOW(), NOW()),
(115, 'BC-1035', 'AVAILABLE', '', NOW(), NOW()),
(115, 'BC-1036', 'AVAILABLE', '', NOW(), NOW()),
(116, 'BC-1037', 'AVAILABLE', '', NOW(), NOW()),
(116, 'BC-1038', 'AVAILABLE', '', NOW(), NOW()),
(117, 'BC-1039', 'AVAILABLE', '', NOW(), NOW()),
(117, 'BC-1040', 'AVAILABLE', '', NOW(), NOW()),
(118, 'BC-1041', 'AVAILABLE', '', NOW(), NOW()),
(118, 'BC-1042', 'AVAILABLE', '', NOW(), NOW()),
(118, 'BC-1043', 'AVAILABLE', '', NOW(), NOW()),
(118, 'BC-1044', 'AVAILABLE', '', NOW(), NOW()),
(119, 'BC-1045', 'AVAILABLE', '', NOW(), NOW()),
(119, 'BC-1046', 'AVAILABLE', '', NOW(), NOW()),
(119, 'BC-1047', 'AVAILABLE', '', NOW(), NOW()),
(120, 'BC-1048', 'AVAILABLE', '', NOW(), NOW()),
(121, 'BC-1049', 'AVAILABLE', '', NOW(), NOW()),
(121, 'BC-1050', 'AVAILABLE', '', NOW(), NOW()),
(122, 'BC-1051', 'AVAILABLE', '', NOW(), NOW()),
(122, 'BC-1052', 'AVAILABLE', '', NOW(), NOW()),
(122, 'BC-1053', 'AVAILABLE', '', NOW(), NOW()),
(122, 'BC-1054', 'AVAILABLE', '', NOW(), NOW()),
(123, 'BC-1055', 'AVAILABLE', '', NOW(), NOW()),
(123, 'BC-1056', 'AVAILABLE', '', NOW(), NOW()),
(123, 'BC-1057', 'AVAILABLE', '', NOW(), NOW()),
(123, 'BC-1058', 'AVAILABLE', '', NOW(), NOW()),
(124, 'BC-1059', 'AVAILABLE', '', NOW(), NOW()),
(125, 'BC-1060', 'AVAILABLE', '', NOW(), NOW()),
(125, 'BC-1061', 'AVAILABLE', '', NOW(), NOW()),
(125, 'BC-1062', 'AVAILABLE', '', NOW(), NOW()),
(125, 'BC-1063', 'AVAILABLE', '', NOW(), NOW()),
(126, 'BC-1064', 'AVAILABLE', '', NOW(), NOW()),
(126, 'BC-1065', 'AVAILABLE', '', NOW(), NOW()),
(126, 'BC-1066', 'AVAILABLE', '', NOW(), NOW()),
(127, 'BC-1067', 'AVAILABLE', '', NOW(), NOW()),
(128, 'BC-1068', 'AVAILABLE', '', NOW(), NOW()),
(128, 'BC-1069', 'AVAILABLE', '', NOW(), NOW()),
(128, 'BC-1070', 'AVAILABLE', '', NOW(), NOW()),
(128, 'BC-1071', 'AVAILABLE', '', NOW(), NOW()),
(129, 'BC-1072', 'AVAILABLE', '', NOW(), NOW()),
(129, 'BC-1073', 'AVAILABLE', '', NOW(), NOW()),
(129, 'BC-1074', 'AVAILABLE', '', NOW(), NOW()),
(130, 'BC-1075', 'AVAILABLE', '', NOW(), NOW()),
(130, 'BC-1076', 'AVAILABLE', '', NOW(), NOW()),
(130, 'BC-1077', 'AVAILABLE', '', NOW(), NOW()),
(131, 'BC-1078', 'AVAILABLE', '', NOW(), NOW()),
(131, 'BC-1079', 'AVAILABLE', '', NOW(), NOW()),
(132, 'BC-1080', 'AVAILABLE', '', NOW(), NOW()),
(132, 'BC-1081', 'AVAILABLE', '', NOW(), NOW()),
(132, 'BC-1082', 'AVAILABLE', '', NOW(), NOW()),
(132, 'BC-1083', 'AVAILABLE', '', NOW(), NOW()),
(133, 'BC-1084', 'AVAILABLE', '', NOW(), NOW()),
(133, 'BC-1085', 'AVAILABLE', '', NOW(), NOW()),
(133, 'BC-1086', 'AVAILABLE', '', NOW(), NOW()),
(134, 'BC-1087', 'AVAILABLE', '', NOW(), NOW()),
(134, 'BC-1088', 'AVAILABLE', '', NOW(), NOW()),
(134, 'BC-1089', 'AVAILABLE', '', NOW(), NOW()),
(134, 'BC-1090', 'AVAILABLE', '', NOW(), NOW()),
(135, 'BC-1091', 'AVAILABLE', '', NOW(), NOW()),
(136, 'BC-1092', 'AVAILABLE', '', NOW(), NOW()),
(137, 'BC-1093', 'AVAILABLE', '', NOW(), NOW()),
(138, 'BC-1094', 'AVAILABLE', '', NOW(), NOW()),
(138, 'BC-1095', 'AVAILABLE', '', NOW(), NOW()),
(139, 'BC-1096', 'AVAILABLE', '', NOW(), NOW()),
(139, 'BC-1097', 'AVAILABLE', '', NOW(), NOW()),
(139, 'BC-1098', 'AVAILABLE', '', NOW(), NOW()),
(140, 'BC-1099', 'AVAILABLE', '', NOW(), NOW()),
(140, 'BC-1100', 'AVAILABLE', '', NOW(), NOW()),
(140, 'BC-1101', 'AVAILABLE', '', NOW(), NOW()),
(141, 'BC-1102', 'AVAILABLE', '', NOW(), NOW()),
(141, 'BC-1103', 'AVAILABLE', '', NOW(), NOW()),
(142, 'BC-1104', 'AVAILABLE', '', NOW(), NOW()),
(142, 'BC-1105', 'AVAILABLE', '', NOW(), NOW()),
(142, 'BC-1106', 'AVAILABLE', '', NOW(), NOW()),
(143, 'BC-1107', 'AVAILABLE', '', NOW(), NOW()),
(143, 'BC-1108', 'AVAILABLE', '', NOW(), NOW()),
(143, 'BC-1109', 'AVAILABLE', '', NOW(), NOW()),
(143, 'BC-1110', 'AVAILABLE', '', NOW(), NOW()),
(144, 'BC-1111', 'AVAILABLE', '', NOW(), NOW()),
(144, 'BC-1112', 'AVAILABLE', '', NOW(), NOW()),
(144, 'BC-1113', 'AVAILABLE', '', NOW(), NOW()),
(145, 'BC-1114', 'AVAILABLE', '', NOW(), NOW()),
(145, 'BC-1115', 'AVAILABLE', '', NOW(), NOW()),
(145, 'BC-1116', 'AVAILABLE', '', NOW(), NOW()),
(146, 'BC-1117', 'AVAILABLE', '', NOW(), NOW()),
(146, 'BC-1118', 'AVAILABLE', '', NOW(), NOW()),
(146, 'BC-1119', 'AVAILABLE', '', NOW(), NOW()),
(146, 'BC-1120', 'AVAILABLE', '', NOW(), NOW()),
(147, 'BC-1121', 'AVAILABLE', '', NOW(), NOW()),
(147, 'BC-1122', 'AVAILABLE', '', NOW(), NOW()),
(147, 'BC-1123', 'AVAILABLE', '', NOW(), NOW()),
(147, 'BC-1124', 'AVAILABLE', '', NOW(), NOW()),
(148, 'BC-1125', 'AVAILABLE', '', NOW(), NOW()),
(148, 'BC-1126', 'AVAILABLE', '', NOW(), NOW()),
(148, 'BC-1127', 'AVAILABLE', '', NOW(), NOW()),
(149, 'BC-1128', 'AVAILABLE', '', NOW(), NOW()),
(149, 'BC-1129', 'AVAILABLE', '', NOW(), NOW()),
(149, 'BC-1130', 'AVAILABLE', '', NOW(), NOW()),
(150, 'BC-1131', 'AVAILABLE', '', NOW(), NOW()),
(150, 'BC-1132', 'AVAILABLE', '', NOW(), NOW()),
(150, 'BC-1133', 'AVAILABLE', '', NOW(), NOW()),
(151, 'BC-1134', 'AVAILABLE', '', NOW(), NOW()),
(151, 'BC-1135', 'AVAILABLE', '', NOW(), NOW()),
(151, 'BC-1136', 'AVAILABLE', '', NOW(), NOW()),
(152, 'BC-1137', 'AVAILABLE', '', NOW(), NOW()),
(153, 'BC-1138', 'AVAILABLE', '', NOW(), NOW()),
(153, 'BC-1139', 'AVAILABLE', '', NOW(), NOW()),
(153, 'BC-1140', 'AVAILABLE', '', NOW(), NOW()),
(153, 'BC-1141', 'AVAILABLE', '', NOW(), NOW()),
(154, 'BC-1142', 'AVAILABLE', '', NOW(), NOW()),
(154, 'BC-1143', 'AVAILABLE', '', NOW(), NOW()),
(154, 'BC-1144', 'AVAILABLE', '', NOW(), NOW()),
(155, 'BC-1145', 'AVAILABLE', '', NOW(), NOW()),
(155, 'BC-1146', 'AVAILABLE', '', NOW(), NOW()),
(156, 'BC-1147', 'AVAILABLE', '', NOW(), NOW()),
(156, 'BC-1148', 'AVAILABLE', '', NOW(), NOW()),
(157, 'BC-1149', 'AVAILABLE', '', NOW(), NOW()),
(157, 'BC-1150', 'AVAILABLE', '', NOW(), NOW()),
(157, 'BC-1151', 'AVAILABLE', '', NOW(), NOW()),
(158, 'BC-1152', 'AVAILABLE', '', NOW(), NOW()),
(159, 'BC-1153', 'AVAILABLE', '', NOW(), NOW()),
(159, 'BC-1154', 'AVAILABLE', '', NOW(), NOW()),
(159, 'BC-1155', 'AVAILABLE', '', NOW(), NOW()),
(160, 'BC-1156', 'AVAILABLE', '', NOW(), NOW()),
(160, 'BC-1157', 'AVAILABLE', '', NOW(), NOW()),
(160, 'BC-1158', 'AVAILABLE', '', NOW(), NOW()),
(160, 'BC-1159', 'AVAILABLE', '', NOW(), NOW()),
(161, 'BC-1160', 'AVAILABLE', '', NOW(), NOW()),
(162, 'BC-1161', 'AVAILABLE', '', NOW(), NOW()),
(162, 'BC-1162', 'AVAILABLE', '', NOW(), NOW()),
(162, 'BC-1163', 'AVAILABLE', '', NOW(), NOW()),
(163, 'BC-1164', 'AVAILABLE', '', NOW(), NOW()),
(163, 'BC-1165', 'AVAILABLE', '', NOW(), NOW()),
(163, 'BC-1166', 'AVAILABLE', '', NOW(), NOW()),
(163, 'BC-1167', 'AVAILABLE', '', NOW(), NOW()),
(164, 'BC-1168', 'AVAILABLE', '', NOW(), NOW()),
(164, 'BC-1169', 'AVAILABLE', '', NOW(), NOW()),
(164, 'BC-1170', 'AVAILABLE', '', NOW(), NOW()),
(164, 'BC-1171', 'AVAILABLE', '', NOW(), NOW()),
(165, 'BC-1172', 'AVAILABLE', '', NOW(), NOW()),
(165, 'BC-1173', 'AVAILABLE', '', NOW(), NOW()),
(166, 'BC-1174', 'AVAILABLE', '', NOW(), NOW()),
(166, 'BC-1175', 'AVAILABLE', '', NOW(), NOW()),
(166, 'BC-1176', 'AVAILABLE', '', NOW(), NOW()),
(167, 'BC-1177', 'AVAILABLE', '', NOW(), NOW()),
(168, 'BC-1178', 'AVAILABLE', '', NOW(), NOW()),
(168, 'BC-1179', 'AVAILABLE', '', NOW(), NOW()),
(169, 'BC-1180', 'AVAILABLE', '', NOW(), NOW()),
(170, 'BC-1181', 'AVAILABLE', '', NOW(), NOW()),
(171, 'BC-1182', 'AVAILABLE', '', NOW(), NOW()),
(171, 'BC-1183', 'AVAILABLE', '', NOW(), NOW()),
(171, 'BC-1184', 'AVAILABLE', '', NOW(), NOW()),
(172, 'BC-1185', 'AVAILABLE', '', NOW(), NOW()),
(173, 'BC-1186', 'AVAILABLE', '', NOW(), NOW()),
(173, 'BC-1187', 'AVAILABLE', '', NOW(), NOW()),
(173, 'BC-1188', 'AVAILABLE', '', NOW(), NOW()),
(174, 'BC-1189', 'AVAILABLE', '', NOW(), NOW()),
(174, 'BC-1190', 'AVAILABLE', '', NOW(), NOW()),
(175, 'BC-1191', 'AVAILABLE', '', NOW(), NOW()),
(175, 'BC-1192', 'AVAILABLE', '', NOW(), NOW()),
(176, 'BC-1193', 'AVAILABLE', '', NOW(), NOW()),
(177, 'BC-1194', 'AVAILABLE', '', NOW(), NOW()),
(177, 'BC-1195', 'AVAILABLE', '', NOW(), NOW()),
(177, 'BC-1196', 'AVAILABLE', '', NOW(), NOW()),
(178, 'BC-1197', 'AVAILABLE', '', NOW(), NOW()),
(178, 'BC-1198', 'AVAILABLE', '', NOW(), NOW()),
(178, 'BC-1199', 'AVAILABLE', '', NOW(), NOW()),
(179, 'BC-1200', 'AVAILABLE', '', NOW(), NOW()),
(179, 'BC-1201', 'AVAILABLE', '', NOW(), NOW()),
(180, 'BC-1202', 'AVAILABLE', '', NOW(), NOW()),
(180, 'BC-1203', 'AVAILABLE', '', NOW(), NOW()),
(180, 'BC-1204', 'AVAILABLE', '', NOW(), NOW()),
(181, 'BC-1205', 'AVAILABLE', '', NOW(), NOW()),
(181, 'BC-1206', 'AVAILABLE', '', NOW(), NOW()),
(182, 'BC-1207', 'AVAILABLE', '', NOW(), NOW()),
(182, 'BC-1208', 'AVAILABLE', '', NOW(), NOW()),
(182, 'BC-1209', 'AVAILABLE', '', NOW(), NOW()),
(183, 'BC-1210', 'AVAILABLE', '', NOW(), NOW()),
(183, 'BC-1211', 'AVAILABLE', '', NOW(), NOW()),
(183, 'BC-1212', 'AVAILABLE', '', NOW(), NOW()),
(184, 'BC-1213', 'AVAILABLE', '', NOW(), NOW()),
(184, 'BC-1214', 'AVAILABLE', '', NOW(), NOW()),
(184, 'BC-1215', 'AVAILABLE', '', NOW(), NOW()),
(185, 'BC-1216', 'AVAILABLE', '', NOW(), NOW()),
(185, 'BC-1217', 'AVAILABLE', '', NOW(), NOW()),
(185, 'BC-1218', 'AVAILABLE', '', NOW(), NOW()),
(185, 'BC-1219', 'AVAILABLE', '', NOW(), NOW()),
(186, 'BC-1220', 'AVAILABLE', '', NOW(), NOW()),
(186, 'BC-1221', 'AVAILABLE', '', NOW(), NOW()),
(187, 'BC-1222', 'AVAILABLE', '', NOW(), NOW()),
(187, 'BC-1223', 'AVAILABLE', '', NOW(), NOW()),
(188, 'BC-1224', 'AVAILABLE', '', NOW(), NOW()),
(189, 'BC-1225', 'AVAILABLE', '', NOW(), NOW()),
(189, 'BC-1226', 'AVAILABLE', '', NOW(), NOW()),
(189, 'BC-1227', 'AVAILABLE', '', NOW(), NOW()),
(189, 'BC-1228', 'AVAILABLE', '', NOW(), NOW()),
(190, 'BC-1229', 'AVAILABLE', '', NOW(), NOW()),
(191, 'BC-1230', 'AVAILABLE', '', NOW(), NOW()),
(191, 'BC-1231', 'AVAILABLE', '', NOW(), NOW()),
(191, 'BC-1232', 'AVAILABLE', '', NOW(), NOW()),
(191, 'BC-1233', 'AVAILABLE', '', NOW(), NOW()),
(192, 'BC-1234', 'AVAILABLE', '', NOW(), NOW()),
(192, 'BC-1235', 'AVAILABLE', '', NOW(), NOW()),
(193, 'BC-1236', 'AVAILABLE', '', NOW(), NOW()),
(193, 'BC-1237', 'AVAILABLE', '', NOW(), NOW()),
(193, 'BC-1238', 'AVAILABLE', '', NOW(), NOW()),
(194, 'BC-1239', 'AVAILABLE', '', NOW(), NOW()),
(194, 'BC-1240', 'AVAILABLE', '', NOW(), NOW()),
(194, 'BC-1241', 'AVAILABLE', '', NOW(), NOW()),
(194, 'BC-1242', 'AVAILABLE', '', NOW(), NOW()),
(195, 'BC-1243', 'AVAILABLE', '', NOW(), NOW()),
(195, 'BC-1244', 'AVAILABLE', '', NOW(), NOW()),
(196, 'BC-1245', 'AVAILABLE', '', NOW(), NOW()),
(196, 'BC-1246', 'AVAILABLE', '', NOW(), NOW()),
(196, 'BC-1247', 'AVAILABLE', '', NOW(), NOW()),
(196, 'BC-1248', 'AVAILABLE', '', NOW(), NOW()),
(197, 'BC-1249', 'AVAILABLE', '', NOW(), NOW()),
(197, 'BC-1250', 'AVAILABLE', '', NOW(), NOW()),
(198, 'BC-1251', 'AVAILABLE', '', NOW(), NOW()),
(199, 'BC-1252', 'AVAILABLE', '', NOW(), NOW()),
(199, 'BC-1253', 'AVAILABLE', '', NOW(), NOW()),
(199, 'BC-1254', 'AVAILABLE', '', NOW(), NOW()),
(199, 'BC-1255', 'AVAILABLE', '', NOW(), NOW()),
(200, 'BC-1256', 'AVAILABLE', '', NOW(), NOW()),
(200, 'BC-1257', 'AVAILABLE', '', NOW(), NOW()),
(200, 'BC-1258', 'AVAILABLE', '', NOW(), NOW()),
(201, 'BC-1259', 'AVAILABLE', '', NOW(), NOW()),
(201, 'BC-1260', 'AVAILABLE', '', NOW(), NOW()),
(201, 'BC-1261', 'AVAILABLE', '', NOW(), NOW()),
(201, 'BC-1262', 'AVAILABLE', '', NOW(), NOW()),
(202, 'BC-1263', 'AVAILABLE', '', NOW(), NOW()),
(202, 'BC-1264', 'AVAILABLE', '', NOW(), NOW()),
(202, 'BC-1265', 'AVAILABLE', '', NOW(), NOW()),
(203, 'BC-1266', 'AVAILABLE', '', NOW(), NOW()),
(203, 'BC-1267', 'AVAILABLE', '', NOW(), NOW()),
(204, 'BC-1268', 'AVAILABLE', '', NOW(), NOW()),
(204, 'BC-1269', 'AVAILABLE', '', NOW(), NOW()),
(204, 'BC-1270', 'AVAILABLE', '', NOW(), NOW()),
(205, 'BC-1271', 'AVAILABLE', '', NOW(), NOW()),
(205, 'BC-1272', 'AVAILABLE', '', NOW(), NOW()),
(206, 'BC-1273', 'AVAILABLE', '', NOW(), NOW()),
(206, 'BC-1274', 'AVAILABLE', '', NOW(), NOW()),
(206, 'BC-1275', 'AVAILABLE', '', NOW(), NOW()),
(206, 'BC-1276', 'AVAILABLE', '', NOW(), NOW()),
(207, 'BC-1277', 'AVAILABLE', '', NOW(), NOW()),
(208, 'BC-1278', 'AVAILABLE', '', NOW(), NOW()),
(208, 'BC-1279', 'AVAILABLE', '', NOW(), NOW()),
(209, 'BC-1280', 'AVAILABLE', '', NOW(), NOW()),
(209, 'BC-1281', 'AVAILABLE', '', NOW(), NOW()),
(209, 'BC-1282', 'AVAILABLE', '', NOW(), NOW()),
(209, 'BC-1283', 'AVAILABLE', '', NOW(), NOW()),
(210, 'BC-1284', 'AVAILABLE', '', NOW(), NOW()),
(210, 'BC-1285', 'AVAILABLE', '', NOW(), NOW()),
(210, 'BC-1286', 'AVAILABLE', '', NOW(), NOW()),
(210, 'BC-1287', 'AVAILABLE', '', NOW(), NOW()),
(211, 'BC-1288', 'AVAILABLE', '', NOW(), NOW()),
(211, 'BC-1289', 'AVAILABLE', '', NOW(), NOW()),
(212, 'BC-1290', 'AVAILABLE', '', NOW(), NOW()),
(212, 'BC-1291', 'AVAILABLE', '', NOW(), NOW()),
(212, 'BC-1292', 'AVAILABLE', '', NOW(), NOW()),
(213, 'BC-1293', 'AVAILABLE', '', NOW(), NOW()),
(213, 'BC-1294', 'AVAILABLE', '', NOW(), NOW()),
(214, 'BC-1295', 'AVAILABLE', '', NOW(), NOW()),
(214, 'BC-1296', 'AVAILABLE', '', NOW(), NOW()),
(214, 'BC-1297', 'AVAILABLE', '', NOW(), NOW()),
(215, 'BC-1298', 'AVAILABLE', '', NOW(), NOW()),
(215, 'BC-1299', 'AVAILABLE', '', NOW(), NOW()),
(215, 'BC-1300', 'AVAILABLE', '', NOW(), NOW()),
(215, 'BC-1301', 'AVAILABLE', '', NOW(), NOW()),
(216, 'BC-1302', 'AVAILABLE', '', NOW(), NOW()),
(217, 'BC-1303', 'AVAILABLE', '', NOW(), NOW()),
(217, 'BC-1304', 'AVAILABLE', '', NOW(), NOW()),
(217, 'BC-1305', 'AVAILABLE', '', NOW(), NOW()),
(218, 'BC-1306', 'AVAILABLE', '', NOW(), NOW()),
(218, 'BC-1307', 'AVAILABLE', '', NOW(), NOW()),
(218, 'BC-1308', 'AVAILABLE', '', NOW(), NOW()),
(219, 'BC-1309', 'AVAILABLE', '', NOW(), NOW()),
(219, 'BC-1310', 'AVAILABLE', '', NOW(), NOW()),
(220, 'BC-1311', 'AVAILABLE', '', NOW(), NOW()),
(220, 'BC-1312', 'AVAILABLE', '', NOW(), NOW()),
(220, 'BC-1313', 'AVAILABLE', '', NOW(), NOW()),
(220, 'BC-1314', 'AVAILABLE', '', NOW(), NOW()),
(221, 'BC-1315', 'AVAILABLE', '', NOW(), NOW()),
(222, 'BC-1316', 'AVAILABLE', '', NOW(), NOW()),
(222, 'BC-1317', 'AVAILABLE', '', NOW(), NOW()),
(222, 'BC-1318', 'AVAILABLE', '', NOW(), NOW()),
(223, 'BC-1319', 'AVAILABLE', '', NOW(), NOW()),
(223, 'BC-1320', 'AVAILABLE', '', NOW(), NOW()),
(223, 'BC-1321', 'AVAILABLE', '', NOW(), NOW()),
(223, 'BC-1322', 'AVAILABLE', '', NOW(), NOW()),
(224, 'BC-1323', 'AVAILABLE', '', NOW(), NOW()),
(224, 'BC-1324', 'AVAILABLE', '', NOW(), NOW()),
(224, 'BC-1325', 'AVAILABLE', '', NOW(), NOW()),
(225, 'BC-1326', 'AVAILABLE', '', NOW(), NOW()),
(226, 'BC-1327', 'AVAILABLE', '', NOW(), NOW()),
(226, 'BC-1328', 'AVAILABLE', '', NOW(), NOW()),
(226, 'BC-1329', 'AVAILABLE', '', NOW(), NOW()),
(226, 'BC-1330', 'AVAILABLE', '', NOW(), NOW()),
(227, 'BC-1331', 'AVAILABLE', '', NOW(), NOW()),
(227, 'BC-1332', 'AVAILABLE', '', NOW(), NOW()),
(227, 'BC-1333', 'AVAILABLE', '', NOW(), NOW()),
(227, 'BC-1334', 'AVAILABLE', '', NOW(), NOW()),
(228, 'BC-1335', 'AVAILABLE', '', NOW(), NOW()),
(228, 'BC-1336', 'AVAILABLE', '', NOW(), NOW()),
(228, 'BC-1337', 'AVAILABLE', '', NOW(), NOW()),
(228, 'BC-1338', 'AVAILABLE', '', NOW(), NOW()),
(229, 'BC-1339', 'AVAILABLE', '', NOW(), NOW()),
(229, 'BC-1340', 'AVAILABLE', '', NOW(), NOW()),
(229, 'BC-1341', 'AVAILABLE', '', NOW(), NOW()),
(229, 'BC-1342', 'AVAILABLE', '', NOW(), NOW()),
(230, 'BC-1343', 'AVAILABLE', '', NOW(), NOW()),
(230, 'BC-1344', 'AVAILABLE', '', NOW(), NOW()),
(231, 'BC-1345', 'AVAILABLE', '', NOW(), NOW()),
(231, 'BC-1346', 'AVAILABLE', '', NOW(), NOW()),
(231, 'BC-1347', 'AVAILABLE', '', NOW(), NOW()),
(231, 'BC-1348', 'AVAILABLE', '', NOW(), NOW()),
(232, 'BC-1349', 'AVAILABLE', '', NOW(), NOW()),
(232, 'BC-1350', 'AVAILABLE', '', NOW(), NOW()),
(232, 'BC-1351', 'AVAILABLE', '', NOW(), NOW()),
(232, 'BC-1352', 'AVAILABLE', '', NOW(), NOW()),
(233, 'BC-1353', 'AVAILABLE', '', NOW(), NOW()),
(234, 'BC-1354', 'AVAILABLE', '', NOW(), NOW()),
(234, 'BC-1355', 'AVAILABLE', '', NOW(), NOW()),
(234, 'BC-1356', 'AVAILABLE', '', NOW(), NOW()),
(234, 'BC-1357', 'AVAILABLE', '', NOW(), NOW()),
(235, 'BC-1358', 'AVAILABLE', '', NOW(), NOW()),
(235, 'BC-1359', 'AVAILABLE', '', NOW(), NOW()),
(235, 'BC-1360', 'AVAILABLE', '', NOW(), NOW()),
(236, 'BC-1361', 'AVAILABLE', '', NOW(), NOW()),
(236, 'BC-1362', 'AVAILABLE', '', NOW(), NOW()),
(236, 'BC-1363', 'AVAILABLE', '', NOW(), NOW()),
(237, 'BC-1364', 'AVAILABLE', '', NOW(), NOW()),
(238, 'BC-1365', 'AVAILABLE', '', NOW(), NOW()),
(238, 'BC-1366', 'AVAILABLE', '', NOW(), NOW()),
(239, 'BC-1367', 'AVAILABLE', '', NOW(), NOW()),
(240, 'BC-1368', 'AVAILABLE', '', NOW(), NOW()),
(240, 'BC-1369', 'AVAILABLE', '', NOW(), NOW()),
(240, 'BC-1370', 'AVAILABLE', '', NOW(), NOW()),
(240, 'BC-1371', 'AVAILABLE', '', NOW(), NOW()),
(241, 'BC-1372', 'AVAILABLE', '', NOW(), NOW()),
(241, 'BC-1373', 'AVAILABLE', '', NOW(), NOW()),
(241, 'BC-1374', 'AVAILABLE', '', NOW(), NOW()),
(241, 'BC-1375', 'AVAILABLE', '', NOW(), NOW()),
(242, 'BC-1376', 'AVAILABLE', '', NOW(), NOW()),
(243, 'BC-1377', 'AVAILABLE', '', NOW(), NOW()),
(244, 'BC-1378', 'AVAILABLE', '', NOW(), NOW()),
(244, 'BC-1379', 'AVAILABLE', '', NOW(), NOW()),
(245, 'BC-1380', 'AVAILABLE', '', NOW(), NOW()),
(245, 'BC-1381', 'AVAILABLE', '', NOW(), NOW()),
(246, 'BC-1382', 'AVAILABLE', '', NOW(), NOW()),
(246, 'BC-1383', 'AVAILABLE', '', NOW(), NOW()),
(247, 'BC-1384', 'AVAILABLE', '', NOW(), NOW()),
(247, 'BC-1385', 'AVAILABLE', '', NOW(), NOW()),
(247, 'BC-1386', 'AVAILABLE', '', NOW(), NOW()),
(247, 'BC-1387', 'AVAILABLE', '', NOW(), NOW()),
(248, 'BC-1388', 'AVAILABLE', '', NOW(), NOW()),
(248, 'BC-1389', 'AVAILABLE', '', NOW(), NOW()),
(248, 'BC-1390', 'AVAILABLE', '', NOW(), NOW()),
(248, 'BC-1391', 'AVAILABLE', '', NOW(), NOW());

